{"cameraMode":{"drawMode":0,"name":"Shaded","section":"Shading Mode"},"sceneLighting":false,"audioPlay":false,"sceneViewState":{"showFog":true,"showMaterialUpdate":true,"showSkybox":false,"showFlares":true,"showImageEffects":true,"showParticleSystems":true},"in2DMode":false,"pivot":{"x":-22.681442260742189,"y":2.2799997329711916,"z":1.6779975891113282},"rotation":{"x":0.1875147670507431,"y":-0.30807065963745119,"z":0.061545345932245257,"w":0.9309394359588623},"size":88.52293395996094,"orthographic":false}