{"cameraMode":{"drawMode":0,"name":"Shaded","section":"Shading Mode"},"sceneLighting":false,"audioPlay":false,"sceneViewState":{"showFog":true,"showMaterialUpdate":true,"showSkybox":false,"showFlares":true,"showImageEffects":true,"showParticleSystems":true},"in2DMode":false,"pivot":{"x":9.160162925720215,"y":1.7320311069488526,"z":1.8312475681304932},"rotation":{"x":0.21021944284439088,"y":-0.13019706308841706,"z":0.027754340320825578,"w":0.9688138365745544},"size":11.65806770324707,"orthographic":false}