{"cameraMode":{"drawMode":0,"name":"Shaded","section":"Shading Mode"},"sceneLighting":true,"audioPlay":false,"sceneViewState":{"showFog":true,"showMaterialUpdate":true,"showSkybox":false,"showFlares":true,"showImageEffects":true,"showParticleSystems":true},"in2DMode":false,"pivot":{"x":3.4827919006347658,"y":5.693922519683838,"z":2.024169921875},"rotation":{"x":0.08758964389562607,"y":-0.7722305655479431,"z":-0.10840949416160584,"w":-0.6202795505523682},"size":119.88784790039063,"orthographic":false}