{"cameraMode":{"drawMode":0,"name":"Shaded","section":"Shading Mode"},"sceneLighting":false,"audioPlay":false,"sceneViewState":{"showFog":true,"showMaterialUpdate":true,"showSkybox":false,"showFlares":true,"showImageEffects":true,"showParticleSystems":true},"in2DMode":false,"pivot":{"x":3.369999885559082,"y":0.5799999833106995,"z":1.644876480102539},"rotation":{"x":0.35413265228271487,"y":-0.26813051104545596,"z":0.10622942447662354,"w":0.8898972868919373},"size":18.739456176757814,"orthographic":false}