{"cameraMode":{"drawMode":0,"name":"Shaded","section":"Shading Mode"},"sceneLighting":false,"audioPlay":false,"sceneViewState":{"showFog":true,"showMaterialUpdate":true,"showSkybox":false,"showFlares":true,"showImageEffects":true,"showParticleSystems":true},"in2DMode":false,"pivot":{"x":10.069844245910645,"y":-8.04592514038086,"z":9.431867599487305},"rotation":{"x":-0.4906924366950989,"y":0.0015220147324725986,"z":0.00031015658169053495,"w":-0.8716877102851868},"size":122.06851196289063,"orthographic":false}