{"cameraMode":{"drawMode":0,"name":"Shaded","section":"Shading Mode"},"sceneLighting":false,"audioPlay":false,"sceneViewState":{"showFog":true,"showMaterialUpdate":true,"showSkybox":false,"showFlares":true,"showImageEffects":true,"showParticleSystems":true},"in2DMode":false,"pivot":{"x":5.579999923706055,"y":3.509999990463257,"z":12.0},"rotation":{"x":0.35413265228271487,"y":-0.26813051104545596,"z":0.10622942447662354,"w":0.8898972868919373},"size":3.1578845977783205,"orthographic":false}