{"cameraMode":{"drawMode":0,"name":"Shaded","section":"Shading Mode"},"sceneLighting":false,"audioPlay":false,"sceneViewState":{"showFog":true,"showMaterialUpdate":true,"showSkybox":false,"showFlares":true,"showImageEffects":true,"showParticleSystems":true},"in2DMode":false,"pivot":{"x":3.109999895095825,"y":1.561842918395996,"z":-0.6381344795227051},"rotation":{"x":0.35413265228271487,"y":-0.26813051104545596,"z":0.10622942447662354,"w":0.8898972868919373},"size":6.627842903137207,"orthographic":false}