{"cameraMode":{"drawMode":0,"name":"Shaded","section":"Shading Mode"},"sceneLighting":false,"audioPlay":false,"sceneViewState":{"showFog":false,"showMaterialUpdate":false,"showSkybox":false,"showFlares":false,"showImageEffects":false,"showParticleSystems":false},"in2DMode":false,"pivot":{"x":1.399999976158142,"y":2.0899999141693117,"z":27.600000381469728},"rotation":{"x":0.03846534341573715,"y":-0.9503296613693237,"z":0.27998003363609316,"w":0.13053643703460694},"size":5.241659164428711,"orthographic":false}