{"cameraMode":{"drawMode":0,"name":"Shaded","section":"Shading Mode"},"sceneLighting":false,"audioPlay":false,"sceneViewState":{"showFog":true,"showMaterialUpdate":true,"showSkybox":false,"showFlares":true,"showImageEffects":true,"showParticleSystems":true},"in2DMode":false,"pivot":{"x":65.70997619628906,"y":11.640836715698243,"z":-52.849998474121097},"rotation":{"x":0.10042498260736466,"y":0.845324695110321,"z":-0.17332682013511659,"w":0.49596449732780459},"size":286.0162658691406,"orthographic":false}