{"cameraMode":{"drawMode":0,"name":"Shaded","section":"Shading Mode"},"sceneLighting":false,"audioPlay":false,"sceneViewState":{"showFog":true,"showMaterialUpdate":true,"showSkybox":false,"showFlares":true,"showImageEffects":true,"showParticleSystems":true},"in2DMode":false,"pivot":{"x":4.670000076293945,"y":1.0,"z":0.11000001430511475},"rotation":{"x":0.35413265228271487,"y":-0.26813051104545596,"z":0.10622942447662354,"w":0.8898972868919373},"size":6.1477837562561039,"orthographic":false}