{"cameraMode":{"drawMode":0,"name":"Shaded","section":"Shading Mode"},"sceneLighting":true,"audioPlay":false,"sceneViewState":{"showFog":true,"showMaterialUpdate":true,"showSkybox":true,"showFlares":true,"showImageEffects":true,"showParticleSystems":true},"in2DMode":false,"pivot":{"x":0.9288440942764282,"y":5.786909580230713,"z":3.1705305576324465},"rotation":{"x":0.15505613386631013,"y":-0.05522390082478523,"z":0.005765449721366167,"w":0.9867104291915894},"size":1.996673345565796,"orthographic":false}