{"cameraMode":{"drawMode":0,"name":"Shaded","section":"Shading Mode"},"sceneLighting":false,"audioPlay":false,"sceneViewState":{"showFog":true,"showMaterialUpdate":true,"showSkybox":false,"showFlares":true,"showImageEffects":true,"showParticleSystems":true},"in2DMode":false,"pivot":{"x":-6.594749450683594,"y":5.129249095916748,"z":23.447999954223634},"rotation":{"x":-0.242329940199852,"y":0.7215014100074768,"z":-0.3027763068675995,"w":-0.5742160081863403},"size":176.2708740234375,"orthographic":false}